{
    "supc": "SDL641048983",
    "sellerCode": "aace21",
    "transferPrice": -1523,
    "sellerPayable": -6719.234956288338,
    "sellingPrice": 250,
    "collectionCharges": 22.799999999999997,
    "waiveredMarginAmount": 39.17500019073486,
    "waiverOnMargin": 39.17500004172325,
    "logisticCost": 1711.1399785280228,
    "extraFulfillmentFees": 5196.11997756958,
    "extraFulfillmentFeesWaiver": 0,
    "warehousePremisesCost": 76.37999904155731,
    "warehousePremisesCostWaiver": 0,
    "labourCharges": 1711.1399785280228,
    "labourChargesWaiver": 0,
    "inboundLogisticsCharges": 1711.1399999999999,
    "inboundLogisticsChargesWaiver": 0,
    "woodenPackagingCost": 0,
    "woodenPackagingCostWaiver": 0,
    "handlingPackagingCost": 1697.4599999999998,
    "handlingPackagingCostWaiver": 0,
    "fulfillmentMode": "SOI",
    "deliveryType": "EXPRESS",
    "woodenPackaging": false,
    "deadWeight": 1501,
    "volumetricWeight": 133.1,
    "successful": true,
    "fixedMarginAmount": 78.35000023245811,
    "fixedMarginPercent": 31.340000092983246,
    "waiveredMarginPercent": 15.670000076293944
}